utc,pid,private_bytes,working_set_bytes,handles,user_objects,gdi_objects,cpu_time_100ns,cpu_percent,wakeups_per_sec
2026-10-08T09:20:44.118Z,26704,1318912,7397376,112,1,0,312500,0.000000,22.992688
2026-10-08T09:20:45.115Z,26704,1318912,7397376,112,1,0,312500,0.000000,21.003052
2026-10-08T09:20:46.116Z,26704,1318912,7397376,112,1,0,312500,0.000000,21.996496
2026-10-08T09:20:47.120Z,26704,1318912,7397376,112,1,0,312500,0.000000,26.002814
2026-10-08T09:20:48.114Z,26704,1318912,7397376,112,1,0,312500,0.000000,21.994807
2026-10-08T09:20:49.116Z,26704,1318912,7397376,112,1,0,312500,0.000000,23.999748
2026-10-08T09:20:50.114Z,26704,1318912,7397376,112,1,0,312500,0.000000,19.983224
2026-10-08T09:20:51.114Z,26704,1318912,7397376,112,1,0,312500,0.000000,22.022399
2026-10-08T09:20:52.116Z,26704,1318912,7397376,112,1,0,312500,0.000000,19.997520
2026-10-08T09:20:53.128Z,26704,1318912,7397376,112,1,0,312500,0.000000,23.002266
2026-10-08T09:20:54.120Z,26704,1318912,7397376,112,1,0,312500,0.000000,24.001166
2026-10-08T09:20:55.113Z,26704,1318912,7397376,112,1,0,312500,0.000000,23.000407
2026-10-08T09:20:56.145Z,26704,1318912,7397376,112,1,0,312500,0.000000,24.951303
2026-10-08T09:20:57.123Z,26704,1318912,7397376,112,1,0,312500,0.000000,27.057627
2026-10-08T09:20:58.118Z,26704,1318912,7397376,112,1,0,312500,0.000000,22.989694
2026-10-08T09:20:59.115Z,26704,1318912,7397376,112,1,0,312500,0.000000,19.995559
2026-10-08T09:21:00.109Z,26704,1318912,7397376,112,1,0,312500,0.000000,22.010010
2026-10-08T09:21:01.115Z,26704,1318912,7397376,112,1,0,312500,0.000000,24.993557
2026-10-08T09:21:02.112Z,26704,1318912,7397376,112,1,0,312500,0.000000,23.999952
2026-10-08T09:21:03.115Z,26704,1318912,7397376,112,1,0,312500,0.000000,24.001685
2026-10-08T09:21:04.114Z,26704,1318912,7397376,112,1,0,312500,0.000000,22.007282
2026-10-08T09:21:05.113Z,26704,1318912,7397376,112,1,0,468750,1.562279,21.996188
2026-10-08T09:21:06.116Z,26704,1318912,7397376,112,1,0,468750,0.000000,21.001800
2026-10-08T09:21:07.112Z,26704,1318912,7397376,112,1,0,468750,0.000000,23.998937
2026-10-08T09:21:08.111Z,26704,1318912,7397376,112,1,0,468750,0.000000,20.993926
2026-10-08T09:21:09.115Z,26704,1318912,7397376,112,1,0,625000,1.562585,23.998169
2026-10-08T09:21:10.113Z,26704,1318912,7397376,112,1,0,625000,0.000000,22.008310
2026-10-08T09:21:11.113Z,26704,1224704,7348224,112,1,0,625000,0.000000,23.001120
2026-10-08T09:21:12.109Z,26704,1224704,7348224,112,1,0,625000,0.000000,21.001098
2026-10-08T09:21:13.113Z,26704,1224704,7348224,112,1,0,625000,0.000000,24.993837
2026-10-08T09:21:14.114Z,26704,1224704,7348224,112,1,0,625000,0.000000,22.992907
2026-10-08T09:21:15.111Z,26704,1224704,7348224,112,1,0,625000,0.000000,22.008308
2026-10-08T09:21:16.117Z,26704,1224704,7348224,112,1,0,625000,0.000000,22.996875
2026-10-08T09:21:17.112Z,26704,1224704,7348224,112,1,0,625000,0.000000,21.996263
2026-10-08T09:21:18.111Z,26704,1224704,7348224,112,1,0,781250,1.562611,20.999975
2026-10-08T09:21:19.112Z,26704,1224704,7348224,112,1,0,781250,0.000000,21.005358
2026-10-08T09:21:20.110Z,26704,1224704,7348224,112,1,0,781250,0.000000,20.997214
2026-10-08T09:21:21.112Z,26704,1224704,7348224,112,1,0,937500,1.562954,22.007302
2026-10-08T09:21:22.110Z,26704,1224704,7348224,112,1,0,937500,0.000000,20.997142
2026-10-08T09:21:23.115Z,26704,1224704,7348224,112,1,0,937500,0.000000,19.997608
2026-10-08T09:21:24.116Z,26704,1224704,7348224,112,1,0,937500,0.000000,22.003639
2026-10-08T09:21:25.112Z,26704,1224704,7348224,112,1,0,937500,0.000000,19.998250
2026-10-08T09:21:26.115Z,26704,1224704,7348224,112,1,0,937500,0.000000,22.993183
2026-10-08T09:21:27.115Z,26704,1224704,7348224,112,1,0,937500,0.000000,20.005850
2026-10-08T09:21:28.116Z,26704,1224704,7348224,112,1,0,937500,0.000000,22.001553
2026-10-08T09:21:29.116Z,26704,1224704,7348224,112,1,0,937500,0.000000,19.982611
2026-10-08T09:21:30.113Z,26704,1224704,7348224,112,1,0,937500,0.000000,21.019603
2026-10-08T09:21:31.112Z,26704,1224704,7348224,112,1,0,937500,0.000000,22.000295
2026-10-08T09:21:32.116Z,26704,1224704,7348224,112,1,0,937500,0.000000,21.000647
2026-10-08T09:21:33.114Z,26704,1224704,7348224,112,1,0,937500,0.000000,25.986703
2026-10-08T09:21:34.116Z,26704,1224704,7348224,112,1,0,937500,0.000000,23.003069
2026-10-08T09:21:35.113Z,26704,1224704,7348224,112,1,0,937500,0.000000,29.984393
2026-10-08T09:21:36.110Z,26704,1224704,7348224,112,1,0,937500,0.000000,26.013350
2026-10-08T09:21:37.113Z,26704,1224704,7348224,112,1,0,937500,0.000000,23.008463
2026-10-08T09:21:38.114Z,26704,1224704,7348224,112,1,0,937500,0.000000,23.996621
2026-10-08T09:21:39.114Z,26704,1224704,7348224,112,1,0,937500,0.000000,27.997385
2026-10-08T09:21:40.112Z,26704,1224704,7348224,112,1,0,937500,0.000000,21.003178
2026-10-08T09:21:41.112Z,26704,1224704,7348224,112,1,0,937500,0.000000,23.999239
2026-10-08T09:21:42.113Z,26704,1224704,7348224,112,1,0,937500,0.000000,24.002446
2026-10-08T09:21:43.115Z,26704,1224704,7348224,112,1,0,937500,0.000000,20.995091
2026-10-08T09:21:44.114Z,26704,1224704,7348224,112,1,0,937500,0.000000,24.000398
2026-10-08T09:21:45.111Z,26704,1224704,7348224,112,1,0,937500,0.000000,22.995079
2026-10-08T09:21:46.115Z,26704,1224704,7348224,112,1,0,937500,0.000000,21.003169
2026-10-08T09:21:47.114Z,26704,1224704,7348224,112,1,0,937500,0.000000,20.996177
2026-10-08T09:21:48.112Z,26704,1224704,7348224,112,1,0,1093750,1.562613,22.002238
2026-10-08T09:21:49.115Z,26704,1224704,7348224,112,1,0,1093750,0.000000,26.003875
2026-10-08T09:21:50.114Z,26704,1224704,7348224,112,1,0,1093750,0.000000,21.002934
2026-10-08T09:21:51.126Z,26704,1224704,7348224,112,1,0,1093750,0.000000,21.000798
2026-10-08T09:21:52.113Z,26704,1224704,7348224,112,1,0,1250000,1.562538,29.001462
2026-10-08T09:21:53.111Z,26704,1224704,7348224,112,1,0,1250000,0.000000,21.000204
2026-10-08T09:21:54.113Z,26704,1224704,7348224,112,1,0,1250000,0.000000,22.989804
2026-10-08T09:21:55.119Z,26704,1224704,7348224,112,1,0,1250000,0.000000,20.001266
2026-10-08T09:21:56.115Z,26704,1224704,7348224,112,1,0,1406250,1.562967,23.005797
2026-10-08T09:21:57.111Z,26704,1224704,7348224,112,1,0,1406250,0.000000,21.998374
2026-10-08T09:21:58.112Z,26704,1224704,7348224,112,1,0,1406250,0.000000,22.996856
2026-10-08T09:21:59.119Z,26704,1224704,7348224,112,1,0,1406250,0.000000,22.004172
2026-10-08T09:22:00.113Z,26704,1224704,7348224,112,1,0,1406250,0.000000,20.997449
2026-10-08T09:22:01.111Z,26704,1224704,7348224,112,1,0,1406250,0.000000,23.005031
2026-10-08T09:22:02.114Z,26704,1224704,7348224,112,1,0,1406250,0.000000,21.983482
2026-10-08T09:22:03.114Z,26704,1224704,7348224,112,1,0,1406250,0.000000,23.013018
2026-10-08T09:22:04.118Z,26704,1224704,7348224,112,1,0,1406250,0.000000,22.996820
2026-10-08T09:22:05.126Z,26704,1224704,7348224,112,1,0,1406250,0.000000,26.004689
2026-10-08T09:22:06.113Z,26704,1224704,7348224,112,1,0,1406250,0.000000,22.000282
2026-10-08T09:22:07.114Z,26704,1224704,7348224,112,1,0,1406250,0.000000,23.999393
2026-10-08T09:22:08.129Z,26704,1224704,7348224,112,1,0,1406250,0.000000,19.996665
2026-10-08T09:22:09.123Z,26704,1224704,7348224,112,1,0,1406250,0.000000,20.010187
2026-10-08T09:22:10.119Z,26704,1224704,7348224,112,1,0,1406250,0.000000,22.992190
2026-10-08T09:22:11.113Z,26704,1224704,7348224,112,1,0,1406250,0.000000,21.996868
2026-10-08T09:22:12.112Z,26704,1224704,7348224,112,1,0,1406250,0.000000,21.006829
2026-10-08T09:22:13.117Z,26704,1224704,7348224,112,1,0,1406250,0.000000,21.990924
2026-10-08T09:22:14.113Z,26704,1224704,7348224,112,1,0,1406250,0.000000,23.011209
2026-10-08T09:22:15.115Z,26704,1224704,7348224,112,1,0,1406250,0.000000,21.995401
2026-10-08T09:22:16.114Z,26704,1224704,7348224,112,1,0,1406250,0.000000,25.000900
2026-10-08T09:22:17.116Z,26704,1224704,7348224,112,1,0,1406250,0.000000,23.999842
2026-10-08T09:22:18.114Z,26704,1224704,7348224,112,1,0,1406250,0.000000,20.003675
2026-10-08T09:22:19.112Z,26704,1224704,7348224,112,1,0,1406250,0.000000,19.989659
2026-10-08T09:22:20.113Z,26704,1224704,7348224,112,1,0,1406250,0.000000,28.003881
2026-10-08T09:22:21.109Z,26704,1224704,7348224,112,1,0,1406250,0.000000,24.002549
2026-10-08T09:22:22.113Z,26704,1224704,7348224,112,1,0,1406250,0.000000,21.001720
2026-10-08T09:22:23.114Z,26704,1224704,7348224,112,1,0,1562500,1.562613,20.999817
2026-10-08T09:22:24.115Z,26704,1224704,7348224,112,1,0,1562500,0.000000,23.000897
2026-10-08T09:22:25.112Z,26704,1224704,7348224,112,1,0,1562500,0.000000,20.997056
2026-10-08T09:22:26.115Z,26704,1224704,7348224,112,1,0,1562500,0.000000,23.004106
2026-10-08T09:22:27.114Z,26704,1224704,7348224,112,1,0,1562500,0.000000,20.993112
2026-10-08T09:22:28.111Z,26704,1224704,7348224,112,1,0,1562500,0.000000,23.003418
2026-10-08T09:22:29.115Z,26704,1224704,7348224,112,1,0,1562500,0.000000,27.004032
2026-10-08T09:22:30.110Z,26704,1224704,7348224,112,1,0,1562500,0.000000,22.003734
2026-10-08T09:22:31.113Z,26704,1224704,7348224,112,1,0,1562500,0.000000,20.998717
2026-10-08T09:22:32.118Z,26704,1224704,7348224,112,1,0,1562500,0.000000,21.996555
2026-10-08T09:22:33.110Z,26704,1224704,7348224,112,1,0,1562500,0.000000,23.997497
2026-10-08T09:22:34.110Z,26704,1224704,7348224,112,1,0,1562500,0.000000,21.007567
2026-10-08T09:22:35.122Z,26704,1224704,7348224,112,1,0,1562500,0.000000,21.994921
2026-10-08T09:22:36.114Z,26704,1224704,7348224,112,1,0,1562500,0.000000,21.998970
2026-10-08T09:22:37.110Z,26704,1224704,7348224,112,1,0,1562500,0.000000,22.001538
2026-10-08T09:22:38.116Z,26704,1224704,7348224,112,1,0,1562500,0.000000,20.992688
2026-10-08T09:22:39.117Z,26704,1224704,7348224,112,1,0,1562500,0.000000,23.000575
2026-10-08T09:22:40.115Z,26704,1224704,7348224,112,1,0,1562500,0.000000,25.999644
2026-10-08T09:22:41.118Z,26704,1224704,7348224,112,1,0,1562500,0.000000,23.003485
2026-10-08T09:22:42.110Z,26704,1224704,7348224,112,1,0,1562500,0.000000,24.004172
2026-10-08T09:22:43.115Z,26704,1224704,7348224,112,1,0,1562500,0.000000,20.994957
2026-10-08T09:22:44.118Z,26704,1224704,7348224,112,1,0,1562500,0.000000,21.009318
2026-10-08T09:22:45.112Z,26704,1224704,7348224,112,1,0,1562500,0.000000,22.995155
2026-10-08T09:22:46.113Z,26704,1224704,7348224,112,1,0,1562500,0.000000,21.001241
2026-10-08T09:22:47.110Z,26704,1224704,7348224,112,1,0,1562500,0.000000,24.997348
2026-10-08T09:22:48.113Z,26704,1224704,7348224,112,1,0,1562500,0.000000,20.002104
2026-10-08T09:22:49.116Z,26704,1224704,7348224,112,1,0,1562500,0.000000,22.002583
2026-10-08T09:22:50.115Z,26704,1224704,7348224,112,1,0,1562500,0.000000,25.001583
2026-10-08T09:22:51.116Z,26704,1224704,7348224,112,1,0,1562500,0.000000,21.990753
2026-10-08T09:22:52.117Z,26704,1224704,7348224,112,1,0,1562500,0.000000,20.000336
2026-10-08T09:22:53.110Z,26704,1224704,7348224,112,1,0,1562500,0.000000,21.998766
2026-10-08T09:22:54.111Z,26704,1224704,7348224,112,1,0,1562500,0.000000,21.005531
2026-10-08T09:22:55.114Z,26704,1224704,7348224,112,1,0,1562500,0.000000,20.992491
2026-10-08T09:22:56.114Z,26704,1224704,7348224,112,1,0,1562500,0.000000,24.001635
2026-10-08T09:22:57.115Z,26704,1224704,7348224,112,1,0,1562500,0.000000,20.006654
2026-10-08T09:22:58.111Z,26704,1224704,7348224,112,1,0,1562500,0.000000,21.991894
2026-10-08T09:22:59.117Z,26704,1224704,7348224,112,1,0,1562500,0.000000,24.003596
2026-10-08T09:23:00.118Z,26704,1224704,7348224,112,1,0,1562500,0.000000,21.999824
2026-10-08T09:23:01.112Z,26704,1224704,7348224,112,1,0,1562500,0.000000,24.002131
2026-10-08T09:23:02.115Z,26704,1224704,7348224,112,1,0,1562500,0.000000,21.002474
2026-10-08T09:23:03.117Z,26704,1224704,7348224,112,1,0,1562500,0.000000,24.999655
2026-10-08T09:23:04.113Z,26704,1224704,7348224,112,1,0,1562500,0.000000,19.993878
2026-10-08T09:23:05.115Z,26704,1224704,7348224,112,1,0,1562500,0.000000,23.001141
2026-10-08T09:23:06.111Z,26704,1224704,7348224,112,1,0,1562500,0.000000,19.001077
2026-10-08T09:23:07.113Z,26704,1224704,7348224,112,1,0,1562500,0.000000,21.003010
2026-10-08T09:23:08.116Z,26704,1224704,7348224,112,1,0,1562500,0.000000,23.994381
2026-10-08T09:23:09.114Z,26704,1224704,7348224,112,1,0,1562500,0.000000,23.006223
2026-10-08T09:23:10.111Z,26704,1224704,7348224,112,1,0,1562500,0.000000,22.998979
2026-10-08T09:23:11.125Z,26704,1224704,7348224,112,1,0,1562500,0.000000,21.995412
2026-10-08T09:23:12.113Z,26704,1224704,7348224,112,1,0,1562500,0.000000,24.002115
2026-10-08T09:23:13.110Z,26704,1224704,7348224,112,1,0,1562500,0.000000,18.996205
2026-10-08T09:23:14.114Z,26704,1224704,7348224,112,1,0,1562500,0.000000,21.009646
2026-10-08T09:23:15.113Z,26704,1224704,7348224,112,1,0,1562500,0.000000,20.986004
2026-10-08T09:23:16.113Z,26704,1224704,7348224,112,1,0,1562500,0.000000,22.014160
2026-10-08T09:23:17.116Z,26704,1224704,7348224,112,1,0,1562500,0.000000,19.993328
2026-10-08T09:23:18.114Z,26704,1224704,7348224,112,1,0,1562500,0.000000,24.002722
2026-10-08T09:23:19.114Z,26704,1224704,7348224,112,1,0,1562500,0.000000,20.991689
2026-10-08T09:23:20.119Z,26704,1224704,7348224,112,1,0,1562500,0.000000,23.013449
2026-10-08T09:23:21.118Z,26704,1224704,7348224,112,1,0,1562500,0.000000,20.993595
2026-10-08T09:23:22.112Z,26704,1224704,7348224,112,1,0,1562500,0.000000,25.002153
2026-10-08T09:23:23.118Z,26704,1224704,7348224,112,1,0,1562500,0.000000,21.000464
2026-10-08T09:23:24.112Z,26704,1224704,7348224,112,1,0,1562500,0.000000,26.002798
2026-10-08T09:23:25.111Z,26704,1224704,7348224,112,1,0,1562500,0.000000,23.996547
2026-10-08T09:23:26.114Z,26704,1224704,7348224,112,1,0,1562500,0.000000,22.001549
2026-10-08T09:23:27.110Z,26704,1224704,7348224,112,1,0,1562500,0.000000,21.997061
2026-10-08T09:23:28.112Z,26704,1224704,7348224,112,1,0,1562500,0.000000,20.998881
2026-10-08T09:23:29.122Z,26704,1224704,7348224,112,1,0,1718750,1.563342,27.014293
2026-10-08T09:23:30.116Z,26704,1224704,7348224,112,1,0,1718750,0.000000,22.992088
2026-10-08T09:23:31.115Z,26704,1224704,7348224,112,1,0,1718750,0.000000,22.003085
2026-10-08T09:23:32.123Z,26704,1224704,7348224,112,1,0,1718750,0.000000,25.993198
2026-10-08T09:23:33.109Z,26704,1224704,7348224,112,1,0,1718750,0.000000,25.006177
2026-10-08T09:23:34.112Z,26704,1224704,7348224,112,1,0,1718750,0.000000,20.997684
2026-10-08T09:23:35.121Z,26704,1224704,7348224,112,1,0,1718750,0.000000,22.993474
2026-10-08T09:23:36.120Z,26704,1224704,7348224,112,1,0,1718750,0.000000,21.005659
2026-10-08T09:23:37.111Z,26704,1224704,7348224,112,1,0,1718750,0.000000,20.006552
2026-10-08T09:23:38.113Z,26704,1224704,7348224,112,1,0,1875000,1.561752,20.987445
2026-10-08T09:23:39.116Z,26704,1224704,7348224,112,1,0,1875000,0.000000,20.012382
2026-10-08T09:23:40.112Z,26704,1224704,7348224,112,1,0,1875000,0.000000,21.994468
2026-10-08T09:23:41.123Z,26704,1224704,7348224,112,1,0,1875000,0.000000,19.996393
2026-10-08T09:23:42.118Z,26704,1224704,7348224,112,1,0,1875000,0.000000,23.008614
2026-10-08T09:23:43.112Z,26704,1224704,7348224,112,1,0,1875000,0.000000,22.990257
2026-10-08T09:23:44.115Z,26704,1224704,7348224,112,1,0,1875000,0.000000,21.008748
2026-10-08T09:23:45.115Z,26704,1224704,7348224,112,1,0,1875000,0.000000,22.993484
2026-10-08T09:23:46.114Z,26704,1224704,7348224,112,1,0,1875000,0.000000,23.007015
2026-10-08T09:23:47.122Z,26704,1224704,7348224,112,1,0,1875000,0.000000,22.997960
2026-10-08T09:23:48.112Z,26704,1224704,7348224,112,1,0,1875000,0.000000,19.993282
2026-10-08T09:23:49.112Z,26704,1224704,7348224,112,1,0,1875000,0.000000,23.002979
2026-10-08T09:23:50.108Z,26704,1224704,7348224,112,1,0,1875000,0.000000,23.004891
2026-10-08T09:23:51.117Z,26704,1224704,7348224,112,1,0,1875000,0.000000,21.998154
2026-10-08T09:23:52.113Z,26704,1224704,7348224,112,1,0,1875000,0.000000,22.994697
2026-10-08T09:23:53.118Z,26704,1224704,7348224,112,1,0,1875000,0.000000,23.004500
2026-10-08T09:23:54.118Z,26704,1224704,7348224,112,1,0,1875000,0.000000,21.004791
2026-10-08T09:23:55.117Z,26704,1224704,7348224,112,1,0,1875000,0.000000,19.996978
2026-10-08T09:23:56.113Z,26704,1224704,7348224,112,1,0,1875000,0.000000,22.997859
2026-10-08T09:23:57.119Z,26704,1224704,7348224,112,1,0,1875000,0.000000,22.994284
2026-10-08T09:23:58.118Z,26704,1224704,7348224,112,1,0,1875000,0.000000,20.005315
2026-10-08T09:23:59.111Z,26704,1224704,7348224,112,1,0,1875000,0.000000,24.994829
2026-10-08T09:24:00.119Z,26704,1224704,7348224,112,1,0,1875000,0.000000,25.006749
2026-10-08T09:24:01.113Z,26704,1224704,7348224,112,1,0,1875000,0.000000,20.996712
2026-10-08T09:24:02.110Z,26704,1224704,7348224,112,1,0,1875000,0.000000,20.998140
2026-10-08T09:24:03.121Z,26704,1224704,7348224,112,1,0,1875000,0.000000,20.999740
2026-10-08T09:24:04.112Z,26704,1224704,7348224,112,1,0,1875000,0.000000,22.001115
2026-10-08T09:24:05.112Z,26704,1224704,7348224,112,1,0,1875000,0.000000,20.007725
2026-10-08T09:24:06.117Z,26704,1224704,7348224,112,1,0,1875000,0.000000,21.991533
2026-10-08T09:24:07.115Z,26704,1224704,7348224,112,1,0,1875000,0.000000,22.998572
2026-10-08T09:24:08.115Z,26704,1224704,7348224,112,1,0,1875000,0.000000,20.998748
2026-10-08T09:24:09.121Z,26704,1224704,7348224,112,1,0,1875000,0.000000,23.002724
2026-10-08T09:24:10.110Z,26704,1224704,7348224,112,1,0,1875000,0.000000,23.005160
2026-10-08T09:24:11.117Z,26704,1224704,7348224,112,1,0,1875000,0.000000,22.002145
2026-10-08T09:24:12.117Z,26704,1224704,7348224,112,1,0,1875000,0.000000,22.999623
2026-10-08T09:24:13.113Z,26704,1224704,7348224,112,1,0,1875000,0.000000,22.980230
2026-10-08T09:24:14.113Z,26704,1224704,7348224,112,1,0,1875000,0.000000,21.001327
2026-10-08T09:24:15.116Z,26704,1224704,7348224,112,1,0,1875000,0.000000,22.016204
2026-10-08T09:24:16.115Z,26704,1224704,7348224,112,1,0,1875000,0.000000,21.001292
2026-10-08T09:24:17.112Z,26704,1224704,7348224,112,1,0,2031250,1.562573,24.000974
2026-10-08T09:24:18.119Z,26704,1224704,7348224,112,1,0,2031250,0.000000,23.992466
2026-10-08T09:24:19.114Z,26704,1224704,7348224,112,1,0,2031250,0.000000,20.994283
2026-10-08T09:24:20.115Z,26704,1224704,7348224,112,1,0,2031250,0.000000,23.004953
2026-10-08T09:24:21.117Z,26704,1224704,7348224,112,1,0,2031250,0.000000,24.002597
2026-10-08T09:24:22.111Z,26704,1224704,7348224,112,1,0,2031250,0.000000,23.000915
2026-10-08T09:24:23.111Z,26704,1224704,7348224,112,1,0,2031250,0.000000,21.999470
2026-10-08T09:24:24.122Z,26704,1224704,7348224,112,1,0,2031250,0.000000,24.005689
2026-10-08T09:24:25.113Z,26704,1224704,7348224,112,1,0,2031250,0.000000,20.992841
2026-10-08T09:24:26.113Z,26704,1224704,7348224,112,1,0,2031250,0.000000,21.002518
2026-10-08T09:24:27.118Z,26704,1224704,7348224,112,1,0,2031250,0.000000,25.000423
2026-10-08T09:24:28.115Z,26704,1224704,7348224,112,1,0,2031250,0.000000,24.004345
2026-10-08T09:24:29.117Z,26704,1224704,7348224,112,1,0,2031250,0.000000,21.991553
2026-10-08T09:24:30.119Z,26704,1224704,7348224,112,1,0,2031250,0.000000,22.009026
2026-10-08T09:24:31.114Z,26704,1224704,7348224,112,1,0,2031250,0.000000,22.989910
2026-10-08T09:24:32.113Z,26704,1224704,7348224,112,1,0,2031250,0.000000,21.002877
2026-10-08T09:24:33.114Z,26704,1224704,7348224,112,1,0,2031250,0.000000,23.007475
2026-10-08T09:24:34.130Z,26704,1224704,7348224,112,1,0,2031250,0.000000,20.908958
2026-10-08T09:24:35.113Z,26704,1224704,7348224,112,1,0,2031250,0.000000,24.096013
2026-10-08T09:24:36.118Z,26704,1224704,7348224,112,1,0,2031250,0.000000,23.007038
2026-10-08T09:24:37.116Z,26704,1224704,7348224,112,1,0,2031250,0.000000,19.998362
2026-10-08T09:24:38.115Z,26704,1224704,7348224,112,1,0,2031250,0.000000,23.995964
2026-10-08T09:24:39.116Z,26704,1224704,7348224,112,1,0,2031250,0.000000,20.993593
2026-10-08T09:24:40.119Z,26704,1224704,7348224,112,1,0,2031250,0.000000,19.006550
2026-10-08T09:24:41.113Z,26704,1224704,7348224,112,1,0,2031250,0.000000,25.003135
2026-10-08T09:24:42.121Z,26704,1224704,7348224,112,1,0,2031250,0.000000,24.002655
2026-10-08T09:24:43.120Z,26704,1224704,7348224,112,1,0,2031250,0.000000,19.989210
2026-10-08T09:24:44.115Z,26704,1224704,7348224,112,1,0,2031250,0.000000,22.006582
2026-10-08T09:24:45.113Z,26704,1224704,7348224,112,1,0,2187500,1.562722,21.001409
2026-10-08T09:24:46.113Z,26704,1224704,7348224,112,1,0,2187500,0.000000,20.000748
2026-10-08T09:24:47.114Z,26704,1224704,7348224,112,1,0,2187500,0.000000,22.997146
2026-10-08T09:24:48.111Z,26704,1224704,7348224,112,1,0,2187500,0.000000,22.004051
2026-10-08T09:24:49.121Z,26704,1224704,7348224,112,1,0,2187500,0.000000,20.996439
2026-10-08T09:24:50.116Z,26704,1224704,7348224,112,1,0,2187500,0.000000,22.003380
2026-10-08T09:24:51.114Z,26704,1224704,7348224,111,1,0,2187500,0.000000,21.999232
2026-10-08T09:24:52.125Z,26704,1224704,7348224,112,1,0,2187500,0.000000,21.001073
2026-10-08T09:24:53.112Z,26704,1224704,7348224,112,1,0,2187500,0.000000,20.997615
2026-10-08T09:24:54.110Z,26704,1224704,7348224,112,1,0,2187500,0.000000,23.000662
2026-10-08T09:24:55.122Z,26704,1224704,7348224,112,1,0,2187500,0.000000,20.997369
2026-10-08T09:24:56.112Z,26704,1224704,7348224,112,1,0,2187500,0.000000,24.001951
2026-10-08T09:24:57.111Z,26704,1224704,7348224,112,1,0,2187500,0.000000,21.002808
2026-10-08T09:24:58.121Z,26704,1224704,7348224,112,1,0,2187500,0.000000,21.002745
2026-10-08T09:24:59.112Z,26704,1224704,7348224,112,1,0,2187500,0.000000,23.997180
2026-10-08T09:25:00.116Z,26704,1224704,7348224,112,1,0,2187500,0.000000,19.996137
2026-10-08T09:25:01.131Z,26704,1224704,7348224,112,1,0,2187500,0.000000,21.005438
2026-10-08T09:25:02.110Z,26704,1224704,7348224,112,1,0,2187500,0.000000,20.994823
2026-10-08T09:25:03.113Z,26704,1224704,7348224,112,1,0,2187500,0.000000,23.993670
2026-10-08T09:25:04.116Z,26704,1224704,7348224,112,1,0,2187500,0.000000,25.013287
2026-10-08T09:25:05.118Z,26704,1224704,7348224,112,1,0,2187500,0.000000,21.995306
2026-10-08T09:25:06.117Z,26704,1224704,7348224,112,1,0,2187500,0.000000,18.999953
2026-10-08T09:25:07.124Z,26704,1224704,7348224,112,1,0,2187500,0.000000,23.999050
2026-10-08T09:25:08.110Z,26704,1224704,7348224,112,1,0,2187500,0.000000,24.004522
2026-10-08T09:25:09.113Z,26704,1224704,7348224,112,1,0,2187500,0.000000,20.001382
2026-10-08T09:25:10.111Z,26704,1224704,7348224,112,1,0,2187500,0.000000,21.997024
2026-10-08T09:25:11.114Z,26704,1224704,7348224,112,1,0,2187500,0.000000,22.994665
2026-10-08T09:25:12.116Z,26704,1224704,7348224,112,1,0,2187500,0.000000,20.002218
2026-10-08T09:25:13.113Z,26704,1224704,7348224,112,1,0,2187500,0.000000,20.999311
2026-10-08T09:25:14.116Z,26704,1224704,7348224,112,1,0,2187500,0.000000,22.999411
2026-10-08T09:25:15.115Z,26704,1224704,7348224,112,1,0,2187500,0.000000,23.004500
2026-10-08T09:25:16.112Z,26704,1224704,7348224,112,1,0,2187500,0.000000,20.998471
2026-10-08T09:25:17.119Z,26704,1224704,7348224,112,1,0,2187500,0.000000,25.998126
2026-10-08T09:25:18.119Z,26704,1224704,7348224,112,1,0,2187500,0.000000,21.995656
2026-10-08T09:25:19.116Z,26704,1224704,7348224,112,1,0,2187500,0.000000,22.005176
2026-10-08T09:25:20.117Z,26704,1224704,7348224,112,1,0,2187500,0.000000,21.000981
2026-10-08T09:25:21.116Z,26704,1224704,7348224,112,1,0,2187500,0.000000,22.995937
2026-10-08T09:25:22.112Z,26704,1224704,7348224,112,1,0,2187500,0.000000,22.999710
2026-10-08T09:25:23.121Z,26704,1224704,7348224,112,1,0,2187500,0.000000,24.998170
2026-10-08T09:25:24.115Z,26704,1224704,7348224,112,1,0,2187500,0.000000,26.010464
2026-10-08T09:25:25.114Z,26704,1224704,7348224,112,1,0,2187500,0.000000,21.000368
2026-10-08T09:25:26.116Z,26704,1224704,7348224,112,1,0,2187500,0.000000,23.999047
2026-10-08T09:25:27.114Z,26704,1224704,7348224,112,1,0,2187500,0.000000,19.994565
2026-10-08T09:25:28.111Z,26704,1224704,7348224,112,1,0,2187500,0.000000,20.004461
2026-10-08T09:25:29.119Z,26704,1224704,7348224,112,1,0,2187500,0.000000,28.988155
2026-10-08T09:25:30.110Z,26704,1224704,7348224,112,1,0,2187500,0.000000,25.008811
2026-10-08T09:25:31.115Z,26704,1224704,7348224,112,1,0,2187500,0.000000,23.996576
2026-10-08T09:25:32.120Z,26704,1224704,7348224,112,1,0,2187500,0.000000,23.994431
2026-10-08T09:25:33.115Z,26704,1224704,7348224,112,1,0,2187500,0.000000,26.008047
2026-10-08T09:25:34.112Z,26704,1224704,7348224,112,1,0,2187500,0.000000,19.000819
2026-10-08T09:25:35.114Z,26704,1224704,7348224,112,1,0,2187500,0.000000,22.001406
2026-10-08T09:25:36.111Z,26704,1224704,7348224,112,1,0,2187500,0.000000,21.995713
2026-10-08T09:25:37.117Z,26704,1224704,7348224,112,1,0,2187500,0.000000,20.995553
2026-10-08T09:25:38.130Z,26704,1224704,7348224,112,1,0,2187500,0.000000,27.013977
2026-10-08T09:25:39.111Z,26704,1224704,7348224,112,1,0,2187500,0.000000,21.977289
2026-10-08T09:25:40.112Z,26704,1224704,7348224,112,1,0,2187500,0.000000,22.013719
2026-10-08T09:25:41.349Z,26704,1261568,7454720,112,1,0,2187500,0.000000,30.716574
2026-10-08T09:25:42.119Z,26704,1261568,7454720,112,1,0,2187500,0.000000,20.727663
2026-10-08T09:25:43.114Z,26704,1261568,7454720,112,1,0,2187500,0.000000,25.998775
